Method,AvgPr,Recall,lamda,alpha
simple LM,0.39973554766807606,558/2302,0.5,0.5
KL,0.39973554766807606,558/2302,0.5,0.5
Min KL,0.4041926914811762,592/2302,0.5,0.5
Min KL NEW,0.3978731607364643,600/2302,0.5,0.5
